[
  {
    "title": "1modos oss dujardinJe suis contre la violence mais y a des limites...",
    "id": "6vzuy9",
    "date": 1503109996,
    "author": "1-Sisyphe",
    "karma": 6429,
    "comments": 228,
    "permalink": "https://reddit.com/r/france/comments/6vzuy9/je_suis_contre_la_violence_mais_y_a_des_limites/",
    "gildings": {
      "gid_1": 1
    },
    "preview": "https://external-preview.redd.it/GvLaMajoV3SbIT9nz43IoU614baNgMcR2VBaeeQwgVU.jpg?auto=webp&s=6010768b29f14960eead9ff34da1bd03be80a455",
	"tags":["modos","oss","dujardin"],
	"description":"Ce gif a été réalisé pour la fin d'année, extrait du film OSS avec jean dujardin. Ce gif a été réalisé pour la fin d'année, extrait du film OSS avec jean dujardin. Il est très marrant ! Ce gif a été réalisé pour la fin d'année, extrait du film OSS avec jean dujardin. Il est très marrant !"
  },
  {
    "title": "2 modos Hollande rencontrant Trump, incognito.",
    "id": "6cp8hr",
    "date": 1415508101,
    "author": "Bisyphe",
    "karma": 3274,
    "comments": 22,
    "permalink": "https://reddit.com/r/france/comments/6cp8hr/hollande_rencontrant_trump_incognito/",
    "gildings": {
      "gid_2": 1
    },
    "preview": "https://external-preview.redd.it/1Ry_doWY5Tvk8UN6RmTzyTePQ6hlD6QJ0zYzBnyjsPI.gif?format=png8&s=5dd2f7c35cbef950102011673d66383adb0b0de3",
	"tags":["modos"],
	"description":"Ce gif a été réalisé pour la fin d'année, extrait du film OSS avec jean dujardin. Il est très marrant !"
  },
  {
    "title": "3modos dujardin M\u00e9tamorphose d'un n\u00e9o-ran\u00e7ais",
    "id": "cm7gzw",
    "date": 1515015945,
    "author": "Korosif",
    "karma": 44,
    "comments": 197,
    "permalink": "https://reddit.com/r/france/comments/cm7gzw/la_m\u00e9tamorphose_dun_n\u00e9oran\u00e7ais/",
    "gildings": {
      "gid_1": 1,
      "gid_2": 5,
      "gid_3": 2
    },
    "preview": "https://external-preview.redd.it/g88shNrkG2TKQGaJm3g09zKEK86plIImaJiA5hvOYRI.jpg?auto=webp&s=5bc3e3f5bba72fd6eb0f3924e4061fd2cda95441",
	"tags":["modos","dujardin"],
	"description":"Ce gif a été réalisé pour la fin d'année, extrait du film OSS avec jean dujardin. Il est très marrant !"
  },
  {
    "title": "4 modos oss contre la violence mais y a des limites...",
    "id": "6vzuy92",
    "date": 1101709996,
    "author": "1-Sisyphe",
    "karma": 649,
    "comments": 211,
    "permalink": "https://reddit.com/r/france/comments/6vzuy9/je_suis_contre_la_violence_mais_y_a_des_limites/",
    "gildings": {
      "gid_3": 1
    },
    "preview": "https://external-preview.redd.it/GvLaMajoV3SbIT9nz43IoU614baNgMcR2VBaeeQwgVU.jpg?auto=webp&s=6010768b29f14960eead9ff34da1bd03be80a455",
	"tags":["modos","oss"],
	"description":"Ce gif a été réalisé pour la fin d'année."
  },
  {
    "title": "5dujardin rencontrant Trump, incognito.",
    "id": "6cp8hr2",
    "date": 1115508101,
    "author": "Bisyphe",
    "karma": 3244,
    "comments": 2114,
    "permalink": "https://reddit.com/r/france/comments/6cp8hr/hollande_rencontrant_trump_incognito/",
    "gildings": {
      "gid_2": 1,
      "gid_3": 3
    },
    "preview": "https://external-preview.redd.it/1Ry_doWY5Tvk8UN6RmTzyTePQ6hlD6QJ0zYzBnyjsPI.gif?format=png8&s=5dd2f7c35cbef950102011673d66383adb0b0de3",
	"tags":["dujardin"],
	"description":"Ce gif a été réalisé pour la fin d'année, extrait du film OSS avec jean dujardin. Il est très marrant !"
  },
  {
    "title": "6 dujardin Astérix, incognito.",
    "id": "6cp8hr3",
    "date": 1175508101,
    "author": "Bisyphe",
    "karma": 3044,
    "comments": 2014,
    "permalink": "https://reddit.com/r/france/comments/6cp8hr/hollande_rencontrant_trump_incognito/",
    "gildings": {
      "gid_2": 1
    },
    "preview": "https://external-preview.redd.it/1Ry_doWY5Tvk8UN6RmTzyTePQ6hlD6QJ0zYzBnyjsPI.gif?format=png8&s=5dd2f7c35cbef950102011673d66383adb0b0de3",
	"tags":["dujardin","Astérix"],
	"description":"Ce gif a été réalisé pour la fin d'année, extrait du film OSS avec jean dujardin. Il est très marrant ! Il est très marrant ! Il est très marrant ! Il est très marrant !"
  },
  {
    "title": "7La M\u00e9tamorphose d'un n\u00e9o-ran\u00e7ais",
    "id": "cm7gzw2",
    "date": 1565015945,
    "author": "Korosif",
    "karma": 4614,
    "comments": 97,
    "permalink": "https://reddit.com/r/france/comments/cm7gzw/la_m\u00e9tamorphose_dun_n\u00e9oran\u00e7ais/",
    "gildings": {
      "gid_1": 3,
      "gid_2": 2,
      "gid_3": 1
    },
    "preview": "https://external-preview.redd.it/g88shNrkG2TKQGaJm3g09zKEK86plIImaJiA5hvOYRI.jpg?auto=webp&s=5bc3e3f5bba72fd6eb0f3924e4061fd2cda95441",
	"description":"Extrait du film OSS avec jean dujardin. Il est très marrant !"
  },
  {
    "title": "La révolution française en gif",
    "id": "cm7dssddsgzw2",
    "date": 1545015945,
    "author": "lasoeurdupape",
    "karma": 108,
    "comments": 50,
    "permalink": "https://www.youtube.com/watch?v=Wm7xoTZu4TM",
    "gildings": {
      "gid_1": 1
    },
    "preview": "https://b.thumbs.redditmedia.com/DfTP_zoFZv8IDiVAXL1gDRmqzyI3fMSeFNwjXJumWTU.jpg",
	"description":"Le seul gif qui t'apprend quelque chose !"
  }
]